Nprocs,Time,S
1,3780.151,1
2,1894.859,1.9564400693
4,964.127,3.7137254367
8,1172.959,7.429268578
16,296.178,14.126728022
32,234.686,14.4115052741
64,129.184,34.8290894322
